{"cameraMode":{"drawMode":0,"name":"Shaded","section":"Shading Mode"},"sceneLighting":true,"audioPlay":false,"sceneViewState":{"showFog":false,"showMaterialUpdate":false,"showSkybox":false,"showFlares":false,"showImageEffects":false,"showParticleSystems":false},"in2DMode":false,"pivot":{"x":645.0121459960938,"y":48.38322067260742,"z":-3.4317188262939455},"rotation":{"x":0.004500044509768486,"y":0.0030000018887221815,"z":-0.000013833245247951709,"w":0.9999860525131226},"size":117.87712860107422,"orthographic":false}