{"cameraMode":{"drawMode":0,"name":"Shaded","section":"Shading Mode"},"sceneLighting":true,"audioPlay":false,"sceneViewState":{"showFog":false,"showMaterialUpdate":false,"showSkybox":false,"showFlares":false,"showImageEffects":false,"showParticleSystems":false},"in2DMode":false,"pivot":{"x":0.08518633991479874,"y":-1.1526029109954835,"z":0.004111647605895996},"rotation":{"x":0.004500044509768486,"y":0.0030000018887221815,"z":-0.000013833245247951709,"w":0.9999860525131226},"size":7.534755706787109,"orthographic":false}