{"cameraMode":{"drawMode":0,"name":"Shaded","section":"Shading Mode"},"sceneLighting":true,"audioPlay":false,"sceneViewState":{"showFog":false,"showMaterialUpdate":false,"showSkybox":false,"showFlares":false,"showImageEffects":false,"showParticleSystems":false},"in2DMode":false,"pivot":{"x":147.2797088623047,"y":402.9441223144531,"z":0.0},"rotation":{"x":0.004500044509768486,"y":0.0030000018887221815,"z":-0.000013833245247951709,"w":0.9999860525131226},"size":28.275434494018556,"orthographic":false}