{"cameraMode":{"drawMode":0,"name":"Shaded","section":"Shading Mode"},"sceneLighting":true,"audioPlay":false,"sceneViewState":{"showFog":false,"showMaterialUpdate":false,"showSkybox":false,"showFlares":false,"showImageEffects":false,"showParticleSystems":false},"in2DMode":false,"pivot":{"x":-0.1373005211353302,"y":-0.9048227667808533,"z":0.007673740386962891},"rotation":{"x":0.004500044509768486,"y":0.0030000018887221815,"z":-0.000013833245247951709,"w":0.9999860525131226},"size":2.8291738033294679,"orthographic":false}