{"cameraMode":{"drawMode":0,"name":"Shaded","section":"Shading Mode"},"sceneLighting":true,"audioPlay":false,"sceneViewState":{"showFog":false,"showMaterialUpdate":false,"showSkybox":false,"showFlares":false,"showImageEffects":false,"showParticleSystems":false},"in2DMode":false,"pivot":{"x":0.6841514110565186,"y":5.9662394523620609,"z":0.04952716827392578},"rotation":{"x":0.004500044509768486,"y":0.0030000018887221815,"z":-0.000013833245247951709,"w":0.9999860525131226},"size":7.0646514892578129,"orthographic":false}